Page,Titre,Avis,Prix
1,Iphone 15 128gb bleu MTP43ZD/A,1 avis,637
1,"Samsung galaxy a10 - double sim - 32go, 2go ram - noir Samsung",0 avis,80
1,"Apple iphone 16 pro 6,3 5g 128 go double sim noir titane MYND3ZD/A",6 avis,958
1,Apple - apple iphone 16 128gb 6.1 rose ita myea3qla MYEA3ZD/A,0 avis,724
1,"Smartphone samsung galaxy s25 fe 6,7 5g nano sim 256 go bleu nuit",109 avis,536
1,Vivo y21s 128go bleu VIVOY21S128GBLEU,1 avis,110
1,Apple iphone 14 pro 128gb silver MQ023ZD/A,1 avis,532
1,"Apple - apple iphone 16 128 go 6,1 bleu sarcelle ita myed3qla MYED3ZD/A",2 avis,716
1,"Smartphone samsung galaxy s25 fe 6,7 5g nano sim 512 go bleu nuit",45 avis,934
1,"Smartphone samsung galaxy s24 6,2 5g nano sim 256 go noir SM-S921BZKGEUB",1021 avis,583
1,Téléphone mobile samsung galaxy a 41 noir 8806090419102,187 avis,173
1,"Smartphone samsung galaxy a17 5g 6,7 octa core 8 gb ram 256 gb noir",3 avis,235
1,"Smartphone samsung galaxy z flip7 6,9 5g nano sim 256 go corail",392 avis,986
1,"Xiaomi - xiaomi redmi 13 6+128 go 6,79 bleu océan eu 6941812780671",0 avis,182
1,Samsung - samsung s25 12+512gb 6.2 8806095851891,26 avis,752
1,"Smartphone google pixel 10 6,3 5g double sim 128 go noir volcanique",0 avis,653
1,"Smartphone honor magic7 pro 6,8 5g double nano sim 512 go noir 5109BQHG",0 avis,741
1,"Smartphone google pixel 9 pro xl 6,8 5g double nano sim 256 go noir obsidienne 0840353914483",0 avis,1 061
1,"Apple - apple iphone 16 pro 256 go 6,3 desert titanium eu mynk3qna MYNK3ZD/A",6 avis,1 183
1,Apple iphone 16e 5g 128gb white de MD1R4ZD/A,0 avis,570
1,"Smartphone xiaomi redmi 15c 6,9 double nano sim 256 go bleu REDMI15C256BLEU",0 avis,129
1,"Smartphone samsung galaxy a17 5g 6,7 128 gb noir 6 gb ram",3 avis,205
1,"Apple - apple iphone 16 pro 128 go 6,3 desert titanium eu mynf3qna MYNF3ZD/A",6 avis,1 081
1,"Apple - iphone 16 pro - smartphone 6,3 pouces 5g 128 go - double sim - titane naturel MYNG3ZD/A",6 avis,1 095
1,"Smartphone xiaomi 15t pro 6,83 5g double nano sim 512 go gris titane conçu avec leica",0 avis,593
1,Apple - apple iphone 16 pro max 256gb 6.9 désert titanium eu mywx3zda,0 avis,1 292
1,Apple - apple iphone 16 pro 256gb 6.3 titanium noir ita mynh3qla MYNH3ZD/A,6 avis,1 183
1,Smartphone Apple iPhone 16 128GB 6.1 Noir Dual SIM 5G iOS 18 MYE73QL/A,1 avis,713
1,Apple - apple iphone 16 pro 256gb 6.3 titanium naturel ita mynl3qla MYNL3ZD/A,6 avis,1 183
1,Iphone 15 plus 128gb blue MU163ZD/A,0 avis,801
1,Samsung galaxy s25 5g 12gb-256gb azul marino (navy) dual sim sm-s931b 8806095815527,1312 avis,633
1,"Smartphone xiaomi 15t pro 6,83 5g double nano sim 512 go noir conçu avec leica",0 avis,593
1,Nokia 3210 4g dual sim bleu 1GF025CPJ2L03,0 avis,55
1,"Smartphone samsung galaxy a16 6,7 4 gb ram 128 gb noir",0 avis,164
1,"Smartphone samsung galaxy s25 edge 6,7 5g nano sim 256 go argent titane",97 avis,613
1,"Smartphone google pixel 10 pro 6,3 5g double sim 128 go noir volcanique",0 avis,853
1,Samsung galaxy s25 5g 12gb-128gb azul (icy blue) dual sim sm-s931b 8806095851136,26 avis,589
1,Apple - apple iphone 16 256gb 6.1 ultramarine eu myeh3sxa MYEH3ZD/A,0 avis,834
1,"Smartphone samsung galaxy z flip7 6,9 5g nano sim 512 go bleu nuit",392 avis,1 016
1,"Smartphone samsung galaxy a35 6,6 5g nano sim 128 go bleu nuit SM-A356BZKBEUB",111 avis,291
1,Samsung galaxy s22 ultra 5g 12go s908b/ds 256go blanc SM-S908BZWGEUB,1494 avis,496
1,Samsung galaxy a36 5g 6gb-128gb negro (awesome black) dual sim sm-a366 8806097300243,0 avis,294
1,Smartphone oppo reno 13 pro 5g ds mediatek dimensity 8350 12 gb ram 512 gb gris,0 avis,586
1,Téléphone core-z5 - crosscall - 128go - 5g - wifi 66e - 1001013501752 1001013501752,0 avis,496
1,"Smartphone samsung galaxy s25 ultra 6,9 5g nano sim 1 to bleu titane SM-S938BZBHEUB",1688 avis,1 313
1,"Smartphone samsung galaxy s25 fe 6,7 5g nano sim 128 go bleu nuit",109 avis,488
1,"Smartphone samsung galaxy s25 ultra 6,9 5g nano sim 512 go noir titane SM-S938BZKGEUB",1689 avis,944
1,"Apple iphone 16 pro max 6,9 5g 256 go double sim noir titane MYWV3ZD/A",0 avis,1 292
1,"Apple iphone 17 pro 6,3 5g double sim 512 go orange cosmique",0 avis,1 461
1,"Apple iphone 17 pro max 6,9 5g double sim 2 to orange cosmique",0 avis,2 337
1,Apple iphone 15 128 go noir - téléphone 5g double sim - écran super retina xdr - processeur a16 bionic MTP03ZD/A,1 avis,637
1,"Smartphone samsung galaxy a56 6,7 5g nano sim 256 go graphite SM-A566BZKCEUB",349 avis,355
1,"Smartphone xiaomi 15t pro 6,83 5g double nano sim 512 go mocha conçu avec leica",0 avis,638
1,"Smartphone samsung galaxy s25 ultra 6,9 5g nano sim 256 go noir titane SM-S938BZKDEUB",1688 avis,894
1,Apple - apple iphone 16 128gb 6.1 white ita mye93qla MYE93ZD/A,0 avis,727
1,Iphone 13 pro max 128 go bleu alpin MLL93F/A,0 avis,451
1,Apple iphone 15 pro 128gb natural titanium MTUX3ZD/A,21 avis,736
1,"Smartphone xiaomi 15t 6,83 5g double nano sim 256 go gris titane conçu avec leica",0 avis,427
1,"Apple iPhone 15 128GB Rosé, écran Full HD 1920 x 1080, réseau 4G MTP13ZD/A",2 avis,637
1,Apple iphone 17 pro max 2tb silver IP17PROM2TSILVER,0 avis,2 325
