Marque,Titre,Avis,Prix
SAMSUNG,Smartphone SAMSUNG Pack S25 Gris 128Go + Buds 3 Gris,(6),"799,00€"
XIAOMI,Smartphone XIAOMI 15T Pro concu avec Leica 512Go Mocha,(2),"799,00€"
SAMSUNG,Smartphone SAMSUNG Galaxy A16 128Go Bleu nuit 4G,(56),"169,99€"
APPLE,Smartphone APPLE iPhone 16 Pro Titane Noir 256Go Reconditionné,(237),"1214,00€"
GOOGLE,Smartphone GOOGLE Pixel 8a 128Go Noir Volcanique,(33),"349,99€"
SAMSUNG,Smartphone SAMSUNG Galaxy S25 Ultra Bleu Titane 256Go,(22),"1369,00€"
SAMSUNG,Smartphone SAMSUNG Galaxy A36 Lavande 256Go 5G,(8),"369,00€"
APPLE,Smartphone APPLE iPhone 17 Pro Max Argent 256Go,(6),"1479,00€"
SAMSUNG,Smartphone SAMSUNG Galaxy Z Flip7 Noir Absolu 256Go,(13),"1099,99€"
SAMSUNG,Smartphone SAMSUNG Pack A56 Graphite+Buds FE Noir,Avis non disponible,"449,99€"
HONOR,Smartphone HONOR Pack 400 Smart + Buds X7E,Avis non disponible,"169,99€"
SAMSUNG,Smartphone SAMSUNG Galaxy A15 4G Bleu Nuit 128Go Reconditionné,Avis non disponible,"139,99€"
GOOGLE,Smartphone GOOGLE Pixel 9 Pro Porcelaine 128Go Reconditionné,(12),"861,72€"
SAMSUNG,Smartphone SAMSUNG Galaxy S25 Ultra Noir Titane 256Go,(9),"1369,00€"
XIAOMI,Smartphone XIAOMI Redmi Note 14 Noir 256Go,(25),"249,99€"
XIAOMI,Smartphone XIAOMI 15 Ultra concu avec Leica 512Go Chrome,(5),"1499,00€"
SAMSUNG,Smartphone SAMSUNG Galaxy S25 Bleu clair 256Go,(6),"859,00€"
GOOGLE,Smartphone GOOGLE Pack Pixel 9a Iris + Powerbank,(4),"479,99€"
HONOR,Smartphone HONOR 400 Or Désert 512Go 5G,(3),"579,99€"
SAMSUNG,Smartphone SAMSUNG Galaxy A26 Noir 128Go 5G,(26),"289,00€"
CROSSCALL,Smartphone CROSSCALL Stellar M6,(6),"501,87€"
HONOR,Smartphone HONOR Pack Magic 7 Lite + Earbuds X7i,(27),"299,99€"
SAMSUNG,Smartphone SAMSUNG Galaxy S25+ Gris 256Go,(17),"1171,99€"
SAMSUNG,Smartphone SAMSUNG Galaxy S25+ Bleu nuit 256Go,(8),"1171,99€"
SAMSUNG,Smartphone SAMSUNG Galaxy Z Fold7 Bleu Nuit 256Go,(8),"2099,99€"
HONOR,Smartphone HONOR Magic V5 Or 512Go,Avis non disponible,"1699,99€"
XIAOMI,Smartphone XIAOMI 15T concu avec Leica 256Go Noir,Avis non disponible,"599,00€"
GOOGLE,Smartphone GOOGLE Pixel 10 Pro XL Noir Volcanique 256Go,(1),"1199,99€"
SAMSUNG,Smartphone SAMSUNG Pack A26 128Go 5G + Fit 3,(22),"289,00€"
XIAOMI,Smartphone XIAOMI Redmi Note 14 Noir 256Go 5G,(18),"299,99€"
GOOGLE,Smartphone GOOGLE Pack Pixel 9a + JBL Go 3 Blanc,Avis non disponible,"479,99€"
SAMSUNG,Smartphone SAMSUNG Galaxy A17 128Go Noir 5G,(7),"219,99€"
GOOGLE,Smartphone GOOGLE Pack Pixel 9a + JBL Go 3 Noir,(2),"479,99€"
SAMSUNG,Smartphone SAMSUNG Galaxy Z Fold7 Noir Absolu 256Go,(11),"2099,99€"
SAMSUNG,Smartphone SAMSUNG Galaxy S25 Ultra Bleu Titane 512Go,(4),"1489,00€"
SAMSUNG,Smartphone SAMSUNG Galaxy S25 Gris 128Go,(8),"799,00€"
OPPO,Smartphone OPPO Pack Reno 14 512Go Vert 5G+EncoBuds3 Pro,(1),"579,99€"
GOOGLE,Smartphone GOOGLE Pixel 10 Pro Quartz Gris 128Go,(1),"1049,99€"
HONOR,Smartphone HONOR Pack 400 Lite Noir 256Go+Buds Choice X7i,(1),"301,99€"
SAMSUNG,Smartphone SAMSUNG Galaxy A26 Noir 256Go 5G,(3),"349,00€"
SAMSUNG,Smartphone SAMSUNG Galaxy Zflip 5 CPO Noir 512Go Reconditionné,Avis non disponible,"649,99€"
SAMSUNG,Smartphone SAMSUNG Galaxy S24 Noir 128Go,(35),"799,99€"
FAIRPHONE,Smartphone FAIRPHONE (Gen. 6) Noir 256Go,(4),"599,99€"
APPLE,Smartphone APPLE iPhone 16 Noir 128Go,(105),"869,99€"
APPLE,Smartphone APPLE iPhone Air Bleu ciel 256Go,(2),"1229,00€"
APPLE,Smartphone APPLE iPhone 15 Noir 128Go 5G,(181),"719,99€"
APPLE,Smartphone APPLE iPhone 13 Minuit 128 Go Batterie Neuve Reconditionné,(15),"399,99€"
APPLE,Smartphone APPLE iPhone 16 Outremer 128Go,(105),"869,99€"
APPLE,Smartphone APPLE iPhone 15 noir 256Go Batterie Neuve Reconditionné,Avis non disponible,"679,99€"
APPLE,Smartphone APPLE iPhone 16 Sarcelle 128Go,(105),"869,99€"
APPLE,Smartphone APPLE iPhone Air Noir sidéral 256Go,(2),"1229,00€"
APPLE,Smartphone APPLE iPhone 16 Rose 128Go,(105),"869,99€"
APPLE,Smartphone APPLE iPhone 15 Rose 128Go 5G,(181),"718,99€"
APPLE,Smartphone APPLE iPhone 17 Brume 256Go,(5),"969,00€"
APPLE,Smartphone APPLE iPhone 15 Bleu 128Go 5G,(181),"719,99€"
APPLE,Smartphone APPLE iPhone Air Blanc nuage 256Go,(2),"1229,00€"
APPLE,Smartphone APPLE iPhone 16 Blanc 128Go,(105),"869,99€"
APPLE,Smartphone APPLE iPhone Air Or clair 256Go,(2),"1229,00€"
APPLE,Smartphone APPLE iPhone 15 Pro Max Titane Bleu 1To 5G,(6),"1644,00€"
APPLE,Smartphone APPLE iPhone 15 Pro Titane Blanc 1To 5G,(1),"1559,00€"
APPLE,Smartphone APPLE iPhone 15 Pro Titane Naturel 1To 5G,Avis non disponible,"1559,00€"
APPLE,Smartphone APPLE iPhone 15 Noir 256Go 5G,(15),"849,99€"
APPLE,Smartphone APPLE iPhone 17 Pro Max Bleu intense 256Go,(6),"1479,00€"
APPLE,Smartphone APPLE iPhone 17 Pro Max Orange cosmique 256Go,(6),"1479,00€"
APPLE,Smartphone APPLE iPhone 15 Rose 256Go 5G,(15),"849,99€"
APPLE,Smartphone APPLE iPhone 15 noir 512Go Batterie neuve Reconditionné,(1),"699,99€"
APPLE,Smartphone APPLE iPhone 14 Mauve 256Go 5G,(12),"1001,99€"
APPLE,Smartphone APPLE iPhone Air Or clair 512Go,Avis non disponible,"1479,00€"
APPLE,Smartphone APPLE iPhone 15 Plus Noir 128Go 5G,(44),"849,00€"
APPLE,Smartphone APPLE iPhone 11 Noir 64Go Batterie Neuve Reconditionné,(12),"279,99€"
APPLE,Smartphone APPLE iPhone Air Noir sidéral 1To,Avis non disponible,"1729,00€"
APPLE,Smartphone APPLE iPhone Air Blanc nuage 1To,Avis non disponible,"1729,00€"
APPLE,Smartphone APPLE iPhone 17 Pro Orange cosmique 256Go,(6),"1329,00€"
APPLE,Smartphone APPLE iPhone Air Blanc nuage 512Go,Avis non disponible,"1479,00€"
APPLE,Smartphone APPLE iPhone Air Noir sidéral 512Go,Avis non disponible,"1479,00€"
APPLE,Smartphone APPLE iPhone 16 Blanc 256Go,(105),"999,00€"
APPLE,Smartphone APPLE iPhone 15 Plus Rose 128Go 5G,(44),"849,00€"
APPLE,Smartphone APPLE iPhone 16 Rose 256Go,(105),"999,00€"
APPLE,Smartphone APPLE iPhone 15 Plus Noir 256Go 5G,(9),"979,00€"
APPLE,Smartphone APPLE iPhone 16e Blanc 128Go,(14),"669,00€"
